Seq1,Seq2,Distance
GQ462194_9999,GQ462131_9999,0.0146112
GQ462106_9999,GQ462218_9999,0.00230851
GQ462061_9999,GQ462131_9999,0.0101121
